id,title,description,release_year,age_certification,runtime,production_country,seasons
1,Fugit facilis alias qui sunt.,Aut facere quod ducimus labore.,1977,15,78,,
2,Nulla consequatur illum facere omnis soluta porro totam optio asperiores.,,2003,TV-PG,102,AW,
3,,,1968,U/A,102,,27
4,Quia repudiandae aut ut libero et ipsum est neque consequatur consequatur.,"Commodi qui illo magnam sapiente rem accusantium.
Earum maxime ab voluptatibus rem qui.
Esse nihil exercitationem vel autem ea voluptatem eligendi repellendus.
Nulla atque eligendi nam.",2020,A,292,,
5,Quis et odio adipisci sunt.,Qui at vel totam.,2023,,325,EC,27
6,,,1984,PG,95,CW,39
7,Mollitia provident consequatur.,,1985,E,367,,92
8,,"Reiciendis vero nulla sunt eligendi dolor adipisci assumenda.
Inventore quis voluptas ea voluptate nihil.",1973,A,78,,84
9,Sit eaque dolor molestiae soluta est architecto qui sint eaque ipsum sapiente maiores quo nisi sunt laborum enim.,"Voluptas voluptatem autem veritatis quis nihil corrupti natus provident non.
Voluptatibus et doloremque reiciendis non.",2020,,221,,
10,Et quisquam mollitia laudantium.,,2008,,185,,77
11,,"Dolorem quo doloremque culpa temporibus saepe voluptas culpa ex aut.
Architecto magni voluptatem quo.",2023,,345,GT,
12,Corrupti ut aut porro.,,1996,,428,SS,79
13,Aut minima sint quas eius sed iure soluta sunt inventore veritatis non.,"Dicta incidunt voluptas.
Dolor eveniet et quos possimus.
Laudantium et repellendus optio iusto.
Mollitia numquam facilis laboriosam et recusandae omnis aliquam.",1962,R21,55,PW,25
14,,,2013,,117,,58
15,Non quisquam nulla omnis occaecati et dolore et illum blanditiis.,,1986,AL,110,,
16,Aut sed libero recusandae iure id placeat soluta.,,2011,,400,PN,84
17,,"Sit illo at qui consequatur placeat facere ab.
Id doloribus libero facilis aliquam sit repellendus quisquam ut maxime.",2014,,94,,
18,Suscipit aspernatur rerum omnis inventore eaque.,"Praesentium omnis omnis possimus molestiae dicta quos ut.
Laborum aliquam ullam est.
Excepturi excepturi et aperiam ad adipisci soluta.
Ea voluptas quos omnis amet commodi dolores aut voluptas.",1995,,62,,6
19,Quis ipsa dolores ut et doloremque similique deserunt quia id possimus iure facere magnam nemo praesentium impedit iusto voluptatum placeat temporibus.,"Dolor quod reiciendis.
Ab rerum maiores ut voluptatibus optio autem.
Odio optio hic est eaque provident.
Dolorem soluta quia et cumque explicabo repudiandae officiis natus.
Assumenda nihil cumque nulla aut eius corrupti numquam placeat quae.",1978,R18,421,,37
20,Repellendus consectetur ducimus non expedita reiciendis magnam modi esse.,"Nihil qui qui explicabo ut.
Fugiat amet distinctio.
Itaque dolorum voluptatem.",2020,,252,GQ,10
21,,"Eos reiciendis sunt magni necessitatibus id.
Et reiciendis rerum.",2020,A,132,GR,4
22,Error tenetur eum explicabo asperiores ad enim sit debitis consequatur.,,1990,,291,KR,
23,Non illum autem quaerat consectetur eos nobis est omnis totam hic deleniti magnam voluptatem.,,2022,EC,13,IE,
24,Non et vel eos perferendis eum maxime.,,2004,,350,,30
25,Enim laborum architecto eveniet exercitationem quis ad.,,1997,9,71,,4
26,Ut vel culpa aut omnis quia inventore voluptates dignissimos excepturi officiis provident et expedita nihil quaerat eum tenetur error consequatur.,"Vel quas non et ea quis placeat.
Nihil corrupti non illo harum.
Dicta consequuntur provident enim nihil deserunt.
Alias autem magni sapiente occaecati sed quis magni omnis.
Sed odit quasi.",1985,TV-PG,358,BW,
27,,"Fugiat nam minima provident molestiae quia in.
Consequatur impedit est dolores at pariatur qui.",2011,,193,LS,
28,Aliquam adipisci aut facilis et dolor quod officiis exercitationem qui qui magni culpa.,,2010,R16,287,CH,2
29,,"Laborum laboriosam ea enim debitis ex vero doloribus beatae porro.
Eum occaecati voluptatem totam eaque consectetur omnis sint occaecati.",2011,,141,DK,87
30,Tempora nobis quia pariatur.,"Aut culpa non voluptas ut aspernatur a non ratione laudantium.
Ab qui a et accusantium illo aspernatur sit.
Velit est quo odit accusamus provident.
Dolores delectus molestiae voluptas vero non quos ratione fugit velit.
Dolorum quas omnis in est.",2009,,473,,42
31,Ut repellat iste sint quaerat qui natus temporibus et ut et nihil repudiandae voluptatem.,,2017,,402,PA,74
32,,"Suscipit in ut vero quis nisi est.
Error nulla et nihil natus veniam rerum laboriosam tenetur quia.
Totam et impedit nihil dolorem sed.
Consequatur ut quidem quas incidunt inventore.",2018,M/PG,185,,
33,Vel cum rerum sit totam recusandae ad molestiae minus quis et accusamus.,"Harum enim unde dolorum qui ea.
Dolorem officia ad beatae at optio deleniti.
Itaque enim esse quae.",2016,R16,164,,57
34,,"Repellat et nostrum et et animi.
Dolore sed sapiente unde eligendi quam quo nostrum aut id.
Voluptatem eos molestiae ex vel ipsam nostrum suscipit quis aspernatur.
Occaecati sunt saepe et eum non amet quos non qui.
Sed deleniti dolorem laborum.",2009,,23,GU,84
35,Aut qui illum ea incidunt sit sed consectetur ut ullam ut.,Officiis ea debitis ratione corrupti tempore nemo.,2016,TV-Y7,217,,25
36,Vel neque quos ratione et rem perferendis sed quis illum commodi.,,1969,6,331,SA,75
37,,Aut tempora dolor sapiente nam.,2020,,151,,
38,,"Perspiciatis impedit reprehenderit id rerum aliquam cum officia.
Eos labore iure quod harum placeat sit sapiente.",2009,TV-Y,13,,
39,Voluptate laboriosam molestiae quis aut consequatur ut voluptatum vitae.,"Est quia explicabo et magni repellendus qui delectus quia praesentium.
Voluptatem saepe fugit quo sapiente at.
Expedita tenetur sed quae voluptas quo tempora.
Reprehenderit perspiciatis rerum est.",2011,,129,,2
40,Ut est dicta laborum consequatur reiciendis harum sapiente praesentium eum exercitationem iure expedita et deleniti tempora sit quasi qui nihil adipisci.,,2018,MA15+,458,UA,
41,Similique hic facere recusandae cum ut facere iste aliquid minus voluptatem ipsum voluptas iste sit ut.,Molestias repudiandae voluptate accusantium maxime sed vitae nihil quo omnis.,1989,MA15+,273,,
42,Eveniet excepturi beatae asperiores similique aspernatur quia et corporis iusto.,"Consequatur rerum harum ullam natus.
Et adipisci vel saepe quasi qui odit reiciendis cum odio.",1971,,412,ZW,76
43,,,1969,18R,261,TL,71
44,Rerum molestiae doloremque qui.,,2009,G,110,,
45,Facilis eveniet dignissimos.,,1994,,128,CH,21
46,Minima voluptatibus.,,1978,R,36,,25
47,Voluptas qui voluptas sed enim error ut.,"Id fuga numquam et quae aspernatur officiis consequatur ab dolorum.
Debitis molestias earum enim odit.
Quisquam quo esse nam.
Accusantium nostrum quibusdam aspernatur.
Aut recusandae nihil perspiciatis explicabo id.",2013,15,414,BD,34
48,Ipsum vitae repellendus consequatur reprehenderit dolor enim.,"Omnis maxime est.
Consectetur voluptas et provident voluptatum similique maxime veritatis voluptates.
Quo ratione voluptatibus odit eaque repellat libero perferendis labore necessitatibus.
Ut excepturi dolor officiis minima voluptatibus illo cum et.
Omnis autem quia similique dolore sit.",1981,,54,,
49,,"Est dolores consectetur dolores voluptatem dolorem.
Ullam sunt et eaque dolorum ut aperiam velit voluptatem.",2001,C,467,PN,
50,Ipsam quia rerum ab dolorum dolor nisi ut cupiditate voluptates fugiat repudiandae.,,2020,NC-17,91,IR,38
51,Et velit aut quo blanditiis ut est voluptas assumenda magni quam qui non id numquam iure repudiandae cum.,Soluta doloremque corporis.,1993,X18,153,,46
52,,"Minima ipsa officia quaerat.
Qui distinctio aliquid magni non omnis repudiandae sit.
Reiciendis vitae magnam tempora.
Et facilis quod doloremque reprehenderit distinctio eos numquam ut ullam.",2010,,473,OM,8
53,Reiciendis est repudiandae accusantium corporis corrupti molestiae dolor nostrum earum.,,2011,X18,419,NR,63
54,,"Modi asperiores quia aspernatur vel et doloribus quis veniam sapiente.
Est sunt autem error soluta.
Recusandae harum deleniti fugit maxime minima quisquam vel.
Excepturi suscipit repellat.",2011,,274,IQ,
55,Voluptas dignissimos consequuntur et consequatur qui similique consequatur consectetur illo doloremque deleniti minima voluptatibus quia.,,2019,15,338,,15
56,,Qui cumque ab ratione et odio.,2008,,32,NG,96
57,Qui quaerat voluptas et.,"Soluta magni tempore.
Sit quo omnis maiores.
Praesentium sequi tempora nobis.
Soluta totam quo eos animi veniam assumenda aut laudantium.
At optio ab impedit molestiae delectus fugit.",1992,,135,,65
58,,"Dolores enim et quo.
Unde qui perspiciatis ad.
In id animi blanditiis.",1997,R18,116,SN,
59,,Qui sed corrupti aut voluptatem dolorem voluptas delectus magni vel.,2009,,429,,
60,,,2020,,424,GI,
61,Eligendi dicta blanditiis dolorem et dolorem rerum dolorum doloremque facilis repellat quidem exercitationem dolorem sunt et et beatae.,"Commodi voluptatibus recusandae adipisci deleniti.
Aspernatur sit ratione voluptas officia.
Temporibus fuga minus aut.",2017,TV-MA,138,BM,32
62,Labore quae corrupti id perferendis sequi voluptatem laboriosam dicta molestias aut ut est.,"Blanditiis velit et asperiores fugiat itaque porro odit quia.
Qui et et amet.",2010,NC-17,263,,7
63,Non.,"Dicta tempora enim quo sed et tempore.
Quam iure officiis optio beatae magni.",2022,R21,263,AL,
64,Delectus nam aliquid quas hic ut magni modi occaecati molestiae.,,1971,R18+,275,,29
65,,"Maxime error delectus facere.
Quod ullam dolorem sit sed.
Non ab iste consequatur qui aliquam doloribus.",2005,,53,KZ,
66,Exercitationem aspernatur unde non omnis illo veritatis.,,2019,,314,KG,
67,,,2015,,371,SB,
68,,,1994,,154,AI,
69,,"Non sapiente saepe dolores commodi quia rem.
Quod provident quia aperiam voluptas.
Numquam consequatur modi.
Laborum nulla voluptatem exercitationem ducimus maiores ad possimus.",2022,,353,GH,
70,Et consectetur aut dolor recusandae sed id eum et.,,2015,,250,GS,40
71,,"Autem consequatur doloremque modi itaque voluptate voluptates magni ab.
Rerum unde vitae rem quibusdam illo.
Ut atque quos error officiis quod.",2022,12,179,TL,
72,Et libero et omnis nihil cumque quia ut aut occaecati odio id dolorum velit.,"Consequatur ullam voluptate quod fuga et quae similique.
Itaque et amet quisquam aperiam.
Corrupti sint et dolor harum est tempora cum.",2023,12,61,,
73,Facere nulla repellat nihil aut officia ullam dolor qui enim aut odit.,"Quos consequatur facere ratione autem error qui.
Dolores facere ullam rerum dolor.
Praesentium asperiores sit aut.
Suscipit quasi est quibusdam quasi ea sint.",1965,X18,268,,63
74,,"Sit voluptas impedit.
Voluptas eum omnis id voluptate ex quaerat ipsam ea.",1996,15,178,,
75,Et sit deleniti nulla aut doloremque consequatur eius.,"Est ut laudantium enim facilis ipsum cupiditate nostrum nam quasi.
Qui omnis sed omnis pariatur doloribus laboriosam autem recusandae.
Illo rerum voluptatibus omnis ut impedit et possimus suscipit non.
Excepturi eum quia occaecati dolorum harum.",2018,,46,,71
76,Libero deleniti accusantium numquam nemo sed eligendi possimus sunt consequatur rem qui mollitia.,,1973,,302,,
77,Officia voluptatem adipisci magni voluptatibus fugiat consequuntur.,,1972,R18,10,MT,15
78,,"Aut dignissimos totam enim quo eligendi molestiae adipisci enim.
Adipisci natus quibusdam sed sed aut praesentium eos dignissimos.",1972,,481,,98
79,,,1976,CA,104,PW,22
80,,Qui quia nesciunt quam harum itaque reprehenderit.,2010,18,342,TN,
81,,"Non alias dolorem.
Vitae id consequuntur est.
Est et aut cupiditate sequi veniam ea illo.
Deserunt totam eum expedita facilis vero.",1968,TV-G,10,VU,
82,Placeat voluptatem aliquam magni aut enim nihil nesciunt non quae dolor odio et pariatur nulla consequuntur qui.,,1996,,297,,
83,,"Quis aut et omnis illum commodi minima nihil id.
Asperiores mollitia atque omnis quisquam.
Et qui mollitia ipsam.
Aut dolorem ducimus occaecati quo qui sed est.",2023,,332,MZ,
84,Reprehenderit quia dolorem omnis rerum est aspernatur sed magni numquam consequatur eveniet.,"Et nulla occaecati ut voluptate vitae ipsam.
Distinctio minus explicabo voluptate.",1984,,314,,
85,Quaerat quia ut sit tempore dolorum omnis.,"At unde fuga mollitia id odit quae.
Quam dolor tenetur atque esse reprehenderit architecto ut.
Et ab eum cupiditate dolor.
Ducimus atque tempora quis dolores nam maxime quaerat.",1994,U/A,482,,
86,Et quam magni sequi in non fuga qui nobis laborum autem dolores rerum in soluta maiores.,,2021,,329,JE,15
87,Molestias reiciendis quo cum commodi labore dolor sed nihil eius cumque eligendi cum laborum velit.,,1988,,271,IL,95
88,Praesentium nihil deleniti.,"Odit dolor minus ipsam.
Nihil accusamus consequuntur modi molestias officiis rem.
Aspernatur quam id alias cumque rerum.
Cumque et dignissimos est omnis autem libero sapiente.
Cumque sunt iste laborum eos id molestiae.",2005,12A,33,SZ,95
89,Dolorum sapiente ut aliquid vero enim totam sapiente quia dolorem qui magnam ipsam.,"Sed voluptas sapiente rerum consequatur aliquid quia ipsum molestiae.
Possimus odio ut iure aut assumenda modi deleniti.
Magnam dicta autem non minima quod.
Nihil et voluptatem cupiditate quia provident.
Aliquam nesciunt voluptatibus molestiae nobis.",2016,M,140,,18
90,Vel molestiae exercitationem.,,2000,X18,214,,
91,,"Sit aspernatur officiis architecto consectetur tempora accusantium et iusto.
Perspiciatis rerum quo voluptas qui qui ab ea accusantium perferendis.
Sequi totam excepturi.
Ipsa et et est minus enim tempora animi voluptatem voluptatem.
Mollitia quis possimus iure dolorem sint nesciunt nulla officiis.",2010,U/A,119,LY,6
92,Quis.,,2003,MA15+,402,,
93,,"In incidunt mollitia.
Necessitatibus blanditiis maiores mollitia debitis quidem veniam non iste sit.
Id est iure animi.
Saepe dolor alias dolor.
Et voluptatem quo nobis.",1978,,30,BW,91
94,Aspernatur facilis quisquam nam et iste non delectus minima nobis iusto magni quasi.,,2014,18R,385,BB,97
95,Ratione ut omnis fugit porro nihil impedit consequuntur qui sit est rerum.,"Ad aliquid officia quae rem.
Repudiandae animi voluptatem aut fuga et omnis.
Vel ut aut consequatur debitis in dolores architecto dolorem adipisci.
Nam incidunt aut sunt tenetur minima ut aut.",2012,,136,,
96,,"Consequuntur provident vel hic ullam architecto laborum et nihil totam.
Aliquid modi velit ea.",1970,,236,,
97,,"Et suscipit est.
Itaque eos eos earum minima aut provident sit est quis.",2017,M/PG,26,,
98,Sunt exercitationem tempora id eligendi reprehenderit libero numquam magni consequatur.,"Et exercitationem laborum ut.
Tempora vel amet accusamus fuga voluptatem necessitatibus dolorum rerum reprehenderit.",2008,18R,348,,9
99,Quo sit.,,2022,,270,TJ,
100,,"Autem unde sit expedita.
Qui et beatae quia.
Doloremque occaecati laborum possimus nesciunt et.
Nam est blanditiis.",2009,E,69,,
101,Placeat placeat molestiae minus.,"Atque quo quis harum.
Molestiae perferendis debitis non blanditiis autem.
Fugit debitis quia exercitationem nostrum ipsum ut autem dolorum.
Nemo consequatur non nihil veniam.",2019,T,358,,76
102,Odio ipsum laboriosam quia omnis voluptatem inventore ipsum in ut molestiae.,Doloribus magnam est iste est amet qui molestias blanditiis aut.,2009,E,256,,98
103,Deleniti omnis qui pariatur dolore quisquam beatae quisquam ut.,,1978,U,459,LS,
104,Atque molestiae dolor qui officia dolorem voluptatem libero placeat sed quia cum impedit est ratione.,"Veniam dolores veniam dolorem itaque enim aut et.
Quia accusamus ut.",2022,G,353,,7
105,,,2018,9,451,CX,
106,Culpa.,"Non et adipisci deleniti aperiam aut voluptatem.
In nemo sed atque repudiandae perferendis quidem.",2020,,201,BS,
107,In molestiae sed dolorum quos numquam similique.,"Quo sit corporis.
Ipsum ad accusantium consectetur neque occaecati unde.
At at ipsa consectetur sunt voluptatem sequi.
Non iste possimus.",2009,,11,,66
108,Non maxime reiciendis perspiciatis aut provident amet.,,2002,NC-17,184,,
109,,,2005,CA,274,,
110,,"Culpa debitis beatae minus qui ullam rerum et.
Voluptas quaerat at perferendis.
Impedit eaque error odio praesentium maiores.",2007,T,368,BO,
111,,"Aut ut qui perspiciatis voluptatem omnis id neque.
Ipsa asperiores sed sapiente recusandae et eum minus explicabo saepe.
Consequatur molestiae temporibus.
Dolores dolorum est et et facere qui est minus.
Laborum similique perferendis tempore animi omnis rerum ipsa doloribus.",2023,,45,,
112,Doloremque fugiat nesciunt explicabo hic iste cupiditate ipsa et eaque.,,1984,12A,167,GB,34
113,Repellendus mollitia eligendi quos natus est praesentium eligendi possimus quas.,"Non illum modi ad ipsam.
Aut fuga animi ea et officia voluptatem voluptatem.",1987,,483,,83
114,,"Aut corrupti consequatur voluptas sit mollitia molestiae aut.
Et quo rerum consequatur ratione ad eum est.
Placeat dolore reiciendis veritatis rerum.
Eligendi ut tenetur et non.
Perferendis sit voluptatem velit et dolorem aliquid dolore.",1993,18R,367,,9
115,,,2007,,264,,67
116,Ipsa dolorem excepturi nulla debitis et sit quia numquam ullam laudantium non totam.,,2005,,357,BW,
117,Sed quia eum eveniet laboriosam consequatur minus officiis corporis.,,2021,12,268,LU,81
118,Reprehenderit.,,1957,TV-14,443,,98
119,,"Qui rem eos.
Sapiente molestiae ut et.",1978,,370,PT,65
120,Optio rerum expedita et sit dolor consequuntur qui est.,"Suscipit quae dignissimos omnis sit ea aperiam qui tempora.
Suscipit incidunt quis eos aperiam dolorem placeat.
Accusamus quasi deleniti.",2008,12A,369,,
121,Beatae exercitationem molestiae sit eum est quia ea et fugit minus unde tempora mollitia doloribus.,"Magnam rem modi optio consequatur quidem.
Et animi inventore eveniet nesciunt aliquam voluptas voluptatem.
Recusandae et non facere aut sit fuga suscipit eos harum.",1981,,96,,
122,Quasi.,,1986,,180,HT,21
123,Omnis earum eaque placeat est libero a aliquid praesentium harum deserunt non minima.,,2019,,25,TR,
124,Qui eveniet quo voluptatem nihil pariatur enim maxime molestiae pariatur ipsa totam consequuntur.,,2002,,376,MV,61
125,Corrupti eligendi voluptatem et.,"Voluptatem est perspiciatis eius culpa ipsum non.
Et ut rerum enim eius vero.
Rerum quo ut maxime minus sequi sunt veritatis nostrum.
Voluptatum qui maxime omnis ut.",1972,MA15+,275,,32
126,Illo unde nam quo id nihil officia fugiat tempora fugiat voluptatem alias qui eos consequatur ipsa sed velit est reprehenderit.,Veniam ipsam labore repellendus aperiam ea.,2015,6,58,PT,
127,,"Est dolor fugiat eum.
Consequuntur eligendi eos et facere nesciunt qui.
Corporis fugit animi cumque.
Amet voluptatibus quia laborum autem est voluptate voluptas.
Et cum dolor nulla sapiente a aut in nihil.",1974,,468,,96
128,,,2022,AL,387,BZ,82
129,,,2001,,341,,
130,Non explicabo illo quibusdam laudantium et magnam vel.,,2017,,425,DM,
131,,"Magni veniam corporis excepturi.
Blanditiis amet eos ducimus deserunt repellat quae fugiat distinctio.
Atque atque corrupti aut explicabo qui quam.
Incidunt consequuntur quis vitae consequatur placeat nulla aspernatur perspiciatis.
Delectus soluta ut autem commodi recusandae adipisci impedit perferendis.",2003,E,343,YT,75
132,In eum dolorem quam quia aut ut doloremque ut autem.,,2022,TV-Y,37,NU,74
133,Laboriosam enim voluptas tempore vero vitae dignissimos accusamus ipsum id aut tenetur unde a dolor nostrum temporibus ex voluptatibus quasi adipisci.,"Fugit recusandae sunt ex occaecati non iusto.
Commodi officia et est.
Tenetur culpa est recusandae ea incidunt facere dolor delectus.
Corrupti illum rerum.",2023,12,332,GI,67
134,,"Sed ut possimus quis ab ab et distinctio commodi quo.
Aperiam sint et quas dolorem consectetur reiciendis ad.
Amet aliquid nisi consequatur porro cupiditate.",1972,R18+,314,,59
135,,,1998,,104,AO,
136,Ipsum quas dignissimos qui earum sit nisi illo qui dolores quae corporis a nemo eaque porro est similique commodi.,"Voluptates dolor sunt debitis veniam aut sed ullam quo impedit.
Eos id hic ullam vero sunt.
Nulla quisquam aut ipsum omnis vero eius ipsam vitae perferendis.
Illo qui nulla dolor velit dolorem autem nobis at fuga.
Aut accusantium illo enim at aut ut sed.",2021,12,471,PA,24
137,,,2012,,356,JO,48
138,Autem quo repellat maiores eaque ut et non saepe maxime eaque ab rerum magni enim.,,2019,,87,YT,38
139,Delectus commodi soluta minima error consectetur et eius.,"Sed eos nulla officia est qui ipsa totam sequi deleniti.
Quos necessitatibus consequatur et qui modi eos consectetur magni.
Odio nihil et sunt.
Voluptates id et aut fugit quia iusto.
Dolores et soluta omnis nobis.",2008,,27,TZ,
140,Non dolorem cumque quam quod aut ipsam minus et et numquam.,,2006,U,491,,
141,Est id dolor nam.,,2020,,354,PR,38
142,,,1986,TV-MA,435,SG,
143,Ipsa voluptatum corrupti.,Iste ipsa est eligendi ipsum et nesciunt quasi.,1966,,40,,
144,Cum aut delectus ducimus sit ut laborum nihil neque et explicabo nulla aut reiciendis necessitatibus esse.,"Deleniti repellat beatae laudantium.
Esse fugit voluptates vel et repellat magnam aut minus enim.
Exercitationem omnis debitis velit autem voluptas sint a quos dignissimos.
Id qui aliquam voluptatum aliquam necessitatibus consequatur voluptatem fugit rem.
Necessitatibus cupiditate ut fugiat qui non perspiciatis.",2005,,276,IO,32
145,Expedita maxime ut quia neque quis enim corporis et repudiandae dolores.,"Voluptatibus amet qui animi.
Perferendis non assumenda molestias esse.
Qui et veritatis iste qui delectus possimus.",2014,6,421,MM,11
146,Eligendi vel sit officia ex.,"In ut asperiores facilis.
Modi pariatur commodi.",2015,,333,TG,
147,,"Et consequatur mollitia.
Corrupti est eveniet.
Dolor non doloribus omnis debitis sequi dolore sed delectus.
Sed beatae unde.
Labore nobis officiis et deleniti vel.",2013,A,415,NG,74
148,Itaque suscipit eveniet rerum quia qui praesentium error totam quo voluptatem nesciunt.,"Sunt harum et labore dolor animi sunt explicabo aut qui.
Architecto cumque quis repellendus deserunt molestias error omnis eveniet quia.
Illum quia quae.
Qui itaque culpa consequatur nostrum necessitatibus a similique.",1988,EC,62,SX,
149,,,2023,AL,300,VA,39
150,Nam qui qui saepe consequatur quis et natus dolorem.,"Pariatur debitis voluptatem.
Numquam est autem quam vel facilis et voluptas qui.
Minus doloribus dolores neque id amet nostrum ut aut.",2021,12,301,EH,77
151,Sapiente commodi aliquam sit nihil magnam repudiandae possimus dolorem porro omnis ipsam enim neque nihil natus.,,2021,NC-17,381,VE,
152,,"Aut vel maiores.
At nemo nihil non eaque.",2006,,122,,
153,Similique eius quia reiciendis delectus saepe ullam quisquam.,"Reiciendis ex illo pariatur omnis vitae et molestiae.
Laboriosam eligendi ex.",2012,,222,,
154,Id.,"Aperiam rerum qui nobis eum.
Aut omnis eaque aut doloremque amet.
Quas tempore eveniet ducimus quibusdam soluta similique.
Aut nisi qui culpa dolor iusto rerum saepe autem.",2010,TV-PG,124,,72
155,,,1991,TV-Y7,133,,7
156,Quasi.,,2018,,285,SY,
157,Molestiae et itaque.,,2010,TV-G,331,BT,85
158,Autem fuga non laborum consequatur aut.,,2008,U,148,,
159,,,1996,,475,BZ,
160,Ea recusandae facere adipisci et fugiat sequi omnis deleniti quam amet.,"Ipsam hic molestiae deleniti eius rerum blanditiis qui magnam.
Consequatur a aut quidem aperiam deserunt sunt quidem sunt.",2001,PG-13,78,,82
161,Error molestiae nostrum modi aspernatur cum repellat non est impedit facere ut voluptatem qui hic ipsa ipsa autem quas ut nostrum.,"Consequatur corporis quia repellendus nihil ullam distinctio mollitia.
Reiciendis nesciunt rerum earum voluptatem.",2022,X18,289,,
162,Alias.,,2003,,298,NG,83
163,,,2019,,29,IN,
164,Est labore magnam odio numquam nulla exercitationem ipsam maiores omnis est deleniti dolor velit qui.,,2018,,79,RO,
165,Magnam ex modi aut accusamus eum atque id quasi suscipit sint saepe praesentium odit.,"Recusandae rerum non quo nesciunt quo quasi architecto fuga eius.
Saepe voluptatibus voluptatem facere aut qui dicta.",2019,C,12,,
166,,"Et commodi ducimus.
Deserunt quo minus.",2023,R18,154,KH,9
167,,"Impedit qui mollitia laudantium quasi illum qui.
Id id officia.
Sequi iste in culpa dolores.
Modi ullam sequi amet voluptates tempora consequatur placeat molestiae.",1992,TV-PG,272,MA,
168,,,1966,18,176,PE,
169,Tenetur est enim praesentium quis voluptatum rerum officia adipisci ipsa non qui.,"Quis aperiam perferendis autem labore porro tempore.
Qui officia optio soluta nostrum aspernatur maxime.
Aut voluptas qui qui et totam cum sapiente accusantium.
Aut id unde velit occaecati libero dolor.",2013,,372,AS,95
170,Repellendus blanditiis beatae minus quia fugiat optio recusandae doloremque quidem asperiores.,,2019,18R,241,SE,23
171,Id illum.,"Harum quod deleniti possimus.
Quia delectus sint voluptatem mollitia pariatur cupiditate ut aut debitis.",2023,,188,,90
172,Debitis qui numquam expedita ea debitis.,,1964,A,154,MM,9
173,,Distinctio saepe provident consequuntur in facilis voluptatem quae.,1975,,96,UA,80
174,Ut et voluptatem minus consectetur accusantium.,,2017,C,18,,64
175,,,2011,R18,352,,89
176,,,2015,,116,,
177,,,2001,,408,AT,
178,Et rerum nihil sunt vero earum consequatur rerum et distinctio velit.,"Provident fugiat praesentium quis eos consequatur sint.
Et voluptate maiores saepe aut et sunt vel laboriosam.
Consequatur consequatur porro molestias repellat amet adipisci libero et.
Dolore error ducimus laudantium earum totam pariatur aut aperiam repudiandae.",2010,,133,,62
179,Nesciunt rerum eaque nesciunt rerum culpa nam ut dicta asperiores minus.,"Blanditiis dolores alias.
Ex porro omnis labore itaque delectus harum itaque blanditiis.",2023,,349,SL,
180,,"Sit quod ipsum amet.
Omnis sint sit iusto at voluptatem eligendi.
Officia at quia saepe ducimus quas.
Ullam provident rem et sit aut eum distinctio.
Ipsam commodi ipsam veritatis.",2022,E,128,,
181,Quidem quia eum nemo at laboriosam doloribus molestiae quae voluptatem dolore possimus voluptatem sed aliquam et.,,2019,,293,SC,
182,Et repellat delectus iure hic ipsa nihil provident eaque harum beatae aliquid nihil laudantium eaque distinctio.,"Quia ex voluptatem tenetur commodi nam adipisci.
Et exercitationem beatae repellendus ea aliquam quisquam recusandae voluptatem.
Culpa dignissimos ut voluptatem.
Voluptatem ea consequatur ea autem odit quas explicabo odit necessitatibus.",2014,CA,176,,
183,,Dolore cupiditate temporibus odio non voluptatem.,2019,,402,,39
184,Quis aut odit sed quibusdam id.,,1985,TV-G,196,,
185,Suscipit quasi ut magnam accusamus nemo aut error modi dolor suscipit et incidunt non ipsa.,"Maxime ea officiis odio.
Laborum magnam non.
Totam quae cumque aut.
Libero veritatis qui vero voluptates praesentium odit voluptatibus ad.",2021,,317,,
186,At ducimus aut non fugit quas ut corporis impedit vero qui quam quaerat est hic consequuntur itaque.,"Amet voluptatem eaque iste.
Nemo enim sed.
Reiciendis doloribus quis tempore voluptatum voluptatum ea error.
Est consequuntur et cum id in illum.
Commodi fuga id iste voluptatem quasi autem et qui.",2017,U/A,279,,41
187,Sequi.,,2013,,96,TN,
188,Autem recusandae hic repellendus quia.,"Itaque et tenetur eius.
Molestiae veritatis fuga et ex quaerat qui qui.",1994,AL,229,,
189,Sed reiciendis ut dolores quidem molestias ullam saepe magni illo neque.,"Ut vel voluptas molestiae et quis.
Dolorem dolor error odio incidunt repellendus asperiores alias quis magni.",2012,,215,,
190,Sit labore eveniet consequatur iure dolores aliquid alias est praesentium minima id molestiae nostrum magnam fugit dolor non alias et.,"Et dolorem quas dignissimos quibusdam et minus.
Nihil praesentium rerum quam pariatur quia neque provident.
Consequatur voluptas voluptatem.
Et consectetur reiciendis et.",2022,15,178,AS,
191,Ex eius harum sit aut consequatur aspernatur facere assumenda.,,2020,R16,273,,15
192,Nihil.,,2022,S,408,MX,38
193,Architecto.,,1988,9,92,VA,43
194,Porro temporibus et ea voluptas dolores nihil sunt sit est consequatur quibusdam libero ratione officiis eligendi odio fugit minus dolores eligendi.,,2009,,268,SJ,
195,,Odit et harum.,2009,,162,,
196,Voluptates occaecati error aperiam at esse aperiam velit qui dolor error odit quo.,"Est voluptatibus unde placeat.
Suscipit quae libero reiciendis repudiandae quas sit.",2009,,11,PE,76
197,Consequatur illo sed illo sint in doloremque doloremque laudantium.,"Est voluptatum voluptatum occaecati.
Sunt accusantium ad in rerum excepturi enim aliquam at sunt.",2007,TV-MA,460,,
198,Omnis aliquam.,,2013,,43,,
199,,,2017,GP,219,MN,69
200,Soluta adipisci nesciunt non perspiciatis neque quam tenetur doloribus quos et nihil in quod pariatur.,"Eveniet vel commodi quo asperiores sed beatae nihil rerum nam.
Voluptas enim deleniti exercitationem cum dicta autem est expedita aliquid.
Corrupti provident ducimus fuga non maiores.
Enim quia sequi quo accusantium velit.
Est eum doloremque velit dolor nemo inventore et.",1999,X18,391,IT,83
