id,title_id,real_name,character_name,role
1,1,Kacey Predovic,,Producer
2,1,,,Screenwriter
3,1,,Virgil Rogahn,
4,2,Justice McClure,,
5,2,Pat Hayes,Opal Herman,Cinematographer
6,2,Herbert Hartmann,,
7,2,Susie Thompson,Viola Farrell,Production Designer
8,2,Edison Cronin,Celestine Schumm,
9,2,Conrad Jenkins,Willow Schultz,Cinematographer
10,2,Simeon Kihn,,Producer
11,3,,Oswald O'Kon,
12,3,Abbey Ernser,,
13,3,,,
14,3,Lexus Heaney,Carolyn Beer,Actress
15,3,Cody Goyette,Marina Gibson,
16,3,Rowan Nader,Ruthe Mante,
17,3,Deja Hoppe,Maxine Emmerich,
18,3,,,
19,4,Gay Thiel,Lavern Wintheiser,Screenwriter
20,5,,,
21,5,,Fletcher Block,Director
22,6,,Wilfrid Predovic,Music Composer
23,6,,,Production Designer
24,6,Myra Stroman,,Music Composer
25,6,Loyce Kemmer,Foster Schamberger,Music Composer
26,6,Eva McClure,Theresia Hintz,
27,6,Creola Upton,,Cinematographer
28,6,,Callie Hudson,
29,7,,,Director
30,7,Cindy Heidenreich,Sylvia Lynch,Actress
31,7,,Evie Aufderhar,
32,7,Olaf Deckow,,Film Editor
33,7,,Mary Spinka,Film Editor
34,7,Easton Morissette,,Music Composer
35,7,Haylie Fritsch,Caleigh Morar,
36,7,,Sabina Lubowitz,
37,8,,,Production Designer
38,8,Helga Heller,Marilyne Morar,
39,8,Dillan Bruen,Dasia Carter,Screenwriter
40,8,Myah Hamill,,Director
41,8,,,Actress
42,8,Karlee Cummings,Ramiro Kutch,
43,8,Gunnar Rutherford,Alden Strosin,Actor
44,8,,,
45,9,,,Actor
46,9,,Wilson Shields,Producer
47,9,Erica Champlin,Ellis Lowe,
48,9,Keon Leuschke,,Screenwriter
49,9,Adelbert MacGyver,,
50,9,Prudence Leannon,,
51,9,Greyson Ankunding,Lorine Gottlieb,Actor
52,10,Willy Adams,,Production Designer
53,10,,Hoyt Tromp,
54,10,Evie Keebler,Skyla Goodwin,Music Composer
55,10,Kaleb Hagenes,,
56,10,,Carmela Mueller,Director
57,10,Ryan Senger,,Costume Designer
58,10,,,Costume Designer
59,11,Nya O'Conner,Ophelia Mills,Actress
60,11,,,Producer
61,12,,,Costume Designer
62,12,Lorenz Stroman,,Music Composer
63,13,Ahmad Hoppe,Stacey Wehner,
64,13,,,
65,13,Ardella Kuhn,,
66,13,Briana McGlynn,Della Berge,Production Designer
67,13,Arch Keeling,Minnie Hane,
68,13,,,Screenwriter
69,13,Jerry Nikolaus,Burdette Hermann,
70,13,Angel Fisher,Freida Lynch,Costume Designer
71,14,,Wilfredo Hilll,Producer
72,14,Julia Kris,,
73,14,,Mohammad O'Keefe,
74,14,Abe Herman,Jayson Berge,Music Composer
75,14,Jamir Pfeffer,Karina Murray,Costume Designer
76,14,,,
77,14,,Giovani Hermiston,Production Designer
78,14,Hank Conroy,,Production Designer
79,14,,Mack Torphy,
80,15,Arnoldo Cole,,Actress
81,15,Donald Gerlach,Clifford Weber,Cinematographer
82,15,,,Producer
83,16,Catharine Gutmann,,
84,16,Abby Koelpin,Elyse Schamberger,Director
85,16,Lori Jast,,Actress
86,16,,Maximillian Nitzsche,Producer
87,16,,,Music Composer
88,17,,Marty Sporer,
89,17,,,
90,17,,Maya Rutherford,Cinematographer
91,17,Amparo Jaskolski,Jazmin Klein,Screenwriter
92,17,,Kian Herman,
93,17,,Zetta Sanford,Cinematographer
94,17,Dorian Prohaska,,Costume Designer
95,19,Dell Crooks,Kavon Huel,Actor
96,19,Mose Auer,,
97,19,Lera Reynolds,Art Graham,Producer
98,19,Rosanna VonRueden,Aniyah Zieme,
99,19,,Jessyca Hagenes,
100,20,,Shaun Becker,Cinematographer
101,20,,,Film Editor
102,20,,Henderson Nikolaus,
103,20,Lula D'Amore,Zita Conn,Director
104,20,Lexus Kling,,Producer
105,20,Ivory Kautzer,,
106,20,,,Cinematographer
107,20,,,Actress
108,21,,,Screenwriter
109,21,,,Film Editor
110,21,,Jazmyne Leannon,Screenwriter
111,22,Claire Ankunding,Barney Sanford,
112,22,,,Cinematographer
113,22,Noelia Ortiz,,
114,24,Angus Sanford,Serena Franecki,
115,24,,,Cinematographer
116,24,Everette Little,Ocie Ferry,Producer
117,24,Nyah Harvey,Dena Kuvalis,
118,25,Tyler Cummerata,Okey Keebler,Costume Designer
119,25,Margarete Torp,Ophelia Wehner,Actress
120,25,,Wilfrid Hudson,Actor
121,25,Adalberto Herman,Jakob Thiel,
122,25,Ashlee Hammes,,
123,25,Eladio Rau,,Cinematographer
124,25,,Blaise Hermiston,Production Designer
125,25,Howard Greenfelder,,
126,25,Rusty Heaney,Abbigail Douglas,Actor
127,27,Samson Pfannerstill,,
128,27,Kelsi McGlynn,,Production Designer
129,28,Tate Doyle,Kallie Cormier,Film Editor
130,29,,Mekhi Mills,
131,29,,Dolly Welch,Production Designer
132,29,,Winston Parisian,
133,29,,,
134,29,Faye Kihn,Lance Stehr,
135,30,,,
136,30,Adrienne Prosacco,Vinnie Pollich,Music Composer
137,30,Jessika Cormier,,Actress
138,30,Geraldine Balistreri,Scotty Hayes,
139,31,Mateo Rice,Ethelyn Nitzsche,Film Editor
140,31,Dejon Mueller,Cletus Walker,Production Designer
141,31,,Donnie Powlowski,Music Composer
142,31,Bridgette Koepp,Valentina Bogan,
143,31,Leone Larson,,Film Editor
144,32,Tony Rowe,,Actress
145,32,Hilma Ryan,Lucienne Stroman,
146,32,Elaina Kirlin,Paris Hermann,Director
147,32,Jenifer Walter,Evert Medhurst,
148,32,Kendra Mertz,Bruce Ruecker,
149,32,Scarlett Bogan,Christ Roob,Music Composer
150,33,,Bradley Bednar,Actress
151,34,,,Screenwriter
152,34,Mervin Ankunding,Alisha Ullrich,Music Composer
153,34,,,Director
154,34,Jaron Donnelly,Tara Glover,Cinematographer
155,34,,Earl Buckridge,
156,34,Lilian Heathcote,Anya Grimes,Film Editor
157,34,Raoul Runolfsdottir,,Actress
158,34,Golda Dicki,Karl Gutmann,Producer
159,35,Cleve Franecki,,
160,35,Mckayla Huels,,Producer
161,35,,Ila Smith,
162,35,Cletus Ratke,,Actor
163,35,Judah Nikolaus,Jazlyn Turner,Production Designer
164,36,,,Actor
165,37,Devonte Murphy,Werner Feil,
166,37,Jett McLaughlin,Dallin Bahringer,Production Designer
167,37,Favian Ledner,,
168,37,,,Costume Designer
169,38,,,
170,38,Estel Davis,,
171,38,,,
172,40,Armani Conroy,Sabina Leffler,Director
173,40,,Jarred Gerhold,Screenwriter
174,40,Bart Parker,Ashtyn McDermott,Director
175,40,Jaiden Schulist,Mavis Wyman,Film Editor
176,40,Kaylie Bauch,Lavonne VonRueden,
177,42,Clemens Howe,Alexa Gibson,Screenwriter
178,42,Margot Hand,,
179,42,Lula Lind,,Costume Designer
180,42,,Hassan Bailey,
181,42,Sienna Reichert,Tatyana Kuhlman,
182,42,Germaine Bins,,
183,42,,Zoie Friesen,Producer
184,42,Trinity Mraz,Drew Monahan,Actor
185,42,,Pinkie Bayer,Costume Designer
186,42,Tyra Schmidt,,
187,43,Benjamin Goldner,,Actress
188,43,Irving Wiza,,Film Editor
189,44,,Walton Russel,Film Editor
190,44,,Asa Barrows,Production Designer
191,44,,,Film Editor
192,45,,Maybelle Barton,Costume Designer
193,45,Noemi Boyle,Cloyd Crist,Director
194,45,Ellsworth Beatty,Jordan Cormier,
195,45,Janie Haag,Marcellus Funk,
196,45,Rebeka Gerhold,Magdalen Bednar,Actress
197,45,,,Cinematographer
198,45,Lambert Gislason,,Production Designer
199,45,Amari Hand,,Screenwriter
200,45,Tamara Nikolaus,,Costume Designer
201,45,Bryce Herzog,,Cinematographer
202,46,Rod Schultz,Zella Corkery,
203,46,,,Music Composer
204,46,,,Music Composer
205,46,Izaiah Upton,Laura Williamson,Screenwriter
206,46,,Reid MacGyver,Cinematographer
207,46,,,
208,46,Sheila Tremblay,,Film Editor
209,46,Cassie Schiller,,Producer
210,47,Kade Von,,Film Editor
211,47,Joey Gottlieb,Josianne Marquardt,Film Editor
212,47,Heidi Upton,,
213,47,,Lavon Orn,Director
214,47,,,
215,48,,Geovanni Hayes,Producer
216,48,Lowell Jones,Carter Torp,Producer
217,48,Cynthia Paucek,Della Mills,
218,48,Elisa Bernhard,,Actor
219,48,,Walker Haley,Music Composer
220,49,Lydia Stroman,Christa Okuneva,
221,49,Ivy Hilll,,Actor
222,49,Diamond Green,,Film Editor
223,49,Ashley Hilll,Juana Toy,Costume Designer
224,49,,,
225,49,Justice Thompson,,Production Designer
226,50,,Asia Macejkovic,Production Designer
227,51,Briana McClure,Evans O'Connell,Screenwriter
228,51,Joyce Bernier,Destany Ankunding,Actress
229,51,Eloy Hintz,Anabelle Weber,
230,51,Emmet Blick,,Film Editor
231,51,Howard Grant,,
232,51,Zaria Dickens,,
233,51,Marisa Kulas,,
234,51,Uriel Quigley,Edward Keeling,Cinematographer
235,51,Yessenia Christiansen,,Cinematographer
236,53,,Madeline Gibson,Film Editor
237,53,,Gisselle Lueilwitz,Actress
238,53,,Jayce Prohaska,Screenwriter
239,53,,,Producer
240,53,Sabrina Harvey,,
241,53,,Dorian Abshire,
242,53,,Antoinette Kutch,Actor
243,53,,,Film Editor
244,53,Heath Nicolas,Stanley Hoppe,Actress
245,53,,Jany Boehm,
246,54,Lydia Greenholt,,
247,54,,Yessenia Waters,Production Designer
248,54,,,
249,54,,,Cinematographer
250,54,Alek Lockman,,Film Editor
251,54,,,Music Composer
252,55,Shania Goyette,,Actress
253,55,,,
254,55,Eriberto Muller,Brenden Gerlach,Producer
255,56,Brenda Crooks,,
256,56,,Alaina Koss,
257,56,,,Production Designer
258,56,Jennings Wisoky,Helmer Pfeffer,Producer
259,56,Berta Kautzer,,
260,56,Sasha Lockman,,Actress
261,57,Valentine Beahan,,Producer
262,57,,Roy Brakus,Screenwriter
263,57,,,Film Editor
264,57,,Antonetta Crooks,Director
265,57,Shany Turcotte,Alexie Rohan,Screenwriter
266,57,Camille Parisian,,Producer
267,57,Mozelle Gaylord,,Actress
268,57,Sonny Kuvalis,Mattie Fadel,
269,57,,Walter Brekke,Music Composer
270,58,Lucy Hand,Clara Jakubowski,
271,58,,Foster Hodkiewicz,
272,58,,Morton Sporer,Actress
273,58,,,Music Composer
274,58,,Erika Hessel,Screenwriter
275,58,,Clifford Kerluke,
276,58,,,Cinematographer
277,58,,Norma Jacobson,Actress
278,59,Daija Gibson,,
279,59,Dannie Lemke,,
280,59,,Kianna Upton,
281,60,Estefania Auer,,
282,60,Lucienne Pfannerstill,,Producer
283,61,Wilhelmine Ruecker,,Costume Designer
284,61,,,Music Composer
285,62,Alexandre Doyle,Bettie Langworth,
286,62,,John Carroll,Production Designer
287,62,,,
288,62,,Molly Cruickshank,
289,63,,,
290,63,,Elwin Kuhlman,
291,63,Clemens Marvin,,
292,64,Roberta Bergstrom,Cristian Koelpin,Film Editor
293,64,Milford Huel,Dominic Wiza,Director
294,64,,,Music Composer
295,64,Anastasia Moen,Bernice Hegmann,
296,64,Tina Boyer,Ofelia Thompson,Cinematographer
297,64,Effie Quitzon,,
298,64,Javonte Stanton,,Costume Designer
299,64,,,Actor
300,67,Adam Mitchell,Jadyn Kuhlman,Film Editor
301,68,Chandler Stark,,
302,68,Fredy Dicki,Hildegard Lemke,Producer
303,68,Elsie Waters,,Actor
304,68,,Daron Considine,
305,68,,Dereck Jacobi,
306,68,,Hollie Pfannerstill,
307,68,,Quentin Heaney,Actress
308,68,Abelardo Steuber,,Screenwriter
309,69,,Cory Casper,Cinematographer
310,69,Jerrold Kuphal,,Producer
311,69,Jeromy Miller,Justyn Crooks,Actor
312,69,,,
313,69,Rebekah Towne,Mathew Strosin,Production Designer
314,69,Charley Franecki,,Actor
315,69,,Vladimir Stokes,Actor
316,70,Novella Predovic,,
317,70,,Alex Waelchi,Actress
318,70,,Althea Wintheiser,
319,70,Margarett Gaylord,,
320,70,,Lolita Haag,Producer
321,71,,Mariana Rau,Cinematographer
322,71,Christop Wolf,,
323,72,,Ciara Bruen,Film Editor
324,72,Tania Stanton,Zoila Herman,Actor
325,72,,,Actor
326,73,Jaida Emard,Jade Hirthe,
327,73,Madelynn Gutkowski,Peter Tillman,Producer
328,75,,Norbert Goldner,
329,75,Ethan Hilll,Marta Davis,
330,76,Garret Satterfield,Dorian Christiansen,Production Designer
331,76,Tamia Armstrong,,
332,76,Maria Rippin,Noelia Luettgen,Production Designer
333,76,Nasir Kemmer,,
334,76,,Juliana Lowe,
335,76,,Jewel Auer,Director
336,77,Cindy Gislason,Ashton Schoen,Costume Designer
337,78,,Kristy Cartwright,Actress
338,78,Odell Abshire,,
339,78,,Stevie Parker,Actress
340,78,Betsy Larson,,
341,78,,Zora Lehner,
342,78,,,Actress
343,79,,,Production Designer
344,79,,Shanna Predovic,Screenwriter
345,79,,,Director
346,79,Ignacio Jakubowski,Isobel Ledner,Cinematographer
347,80,,Emmalee Gerlach,Cinematographer
348,80,,Reid Fay,
349,80,Elouise Gutkowski,,Music Composer
350,80,Prudence Lynch,Rahul Padberg,
351,80,,,Cinematographer
352,80,Germaine Powlowski,Elmira Gleason,Actress
353,80,,Wilburn Zieme,
354,80,Judah Homenick,Clarissa Harvey,Actress
355,80,,,Music Composer
356,81,Markus Upton,,
357,81,,,
358,81,Taryn Mitchell,,Screenwriter
359,82,,,Cinematographer
360,82,Jayda Mertz,,
361,82,Rosamond Jakubowski,Mark Swift,
362,82,Ayla Carter,Neoma Bednar,Costume Designer
363,82,Kailee Dibbert,,Screenwriter
364,83,Elinor Schmitt,Kristy Barton,Producer
365,83,Earlene Kreiger,,Actress
366,83,,Gia Grimes,Music Composer
367,84,Darrell Dicki,Lavonne Lebsack,
368,84,Alexie Schumm,,
369,84,Heloise Goyette,Aracely Jacobson,Production Designer
370,84,Ryleigh Krajcik,,Music Composer
371,84,,,
372,84,,Mariam Mohr,Director
373,84,Sincere Weissnat,Lavern Marks,
374,85,Tess Mayert,,Director
375,85,Reina Botsford,,Producer
376,85,,,
377,85,Donald Little,,
378,85,,,
379,85,Angel Volkman,Bernie Lang,Actor
380,85,Mercedes Wilkinson,Llewellyn Heidenreich,Music Composer
381,85,,Marcus Ullrich,Actress
382,85,Jewel Rempel,Wilton Ferry,
383,86,Courtney Funk,Elliot Hickle,
384,86,,Brandon Lubowitz,Actress
385,86,Kenton Pouros,Lori Fisher,Screenwriter
386,86,,Marcellus Rutherford,Costume Designer
387,87,Ramon McCullough,Ezekiel West,Music Composer
388,87,Loyce Brakus,,
389,87,Darwin Braun,Buck Keeling,
390,87,,,
391,87,,Prudence Parker,Costume Designer
392,88,Maxine Hamill,,
393,88,,Justen Kris,Screenwriter
394,88,,Drew Mohr,Actor
395,88,Summer Miller,Hailey Stracke,Film Editor
396,88,Thaddeus Bogisich,Ciara Jast,
397,88,,Cullen Haag,Costume Designer
398,88,,,
399,88,,Arjun Hoeger,Screenwriter
400,88,,Donato Borer,
401,88,Leonel Nicolas,Lelah Toy,Actress
402,89,,,
403,89,,Winston Greenfelder,Actress
404,89,Mitchel Gerhold,Corbin Medhurst,Director
405,89,Jarrett Donnelly,Emilia Upton,Actor
406,89,Sydney Haley,Tomasa Weber,
407,90,Felicita Nienow,,Actor
408,90,Zelma O'Kon,Teresa Nitzsche,Producer
409,91,Dianna Morissette,Kyla Franecki,
410,91,,Abagail Bayer,Producer
411,91,,Yessenia Bins,
412,91,Erna Heaney,Marcellus Kreiger,
413,91,,Neoma Johnson,
414,91,Remington Vandervort,Ivy Kihn,Film Editor
415,91,,,Music Composer
416,92,,Friedrich Hudson,
417,92,Lina Bahringer,Cleve Rogahn,
418,92,,Katharina Kris,Cinematographer
419,92,Chauncey Kihn,,Producer
420,92,Dolly Mueller,,
421,92,Zetta Collier,Garland Moen,Screenwriter
422,92,,,Costume Designer
423,93,Rebeca Feeney,Bridget Barrows,Producer
424,93,Clifton Stanton,Mable McCullough,
425,94,,Fausto Anderson,Director
426,94,Verona Goyette,Malinda Wuckert,Producer
427,95,,,Music Composer
428,95,,Elza Frami,
429,95,,Meghan Crist,Film Editor
430,95,Clara Carter,Jerod Ullrich,Film Editor
431,95,,,Screenwriter
432,95,,Evangeline Homenick,
433,95,,Elton Powlowski,Director
434,95,,Devonte Bashirian,
435,95,Freddy Lubowitz,,Film Editor
436,96,Jazmyn Keeling,Michel Shanahan,Producer
437,96,Fatima Muller,,Film Editor
438,96,Zella Koepp,,Music Composer
439,96,Mervin Armstrong,,
440,97,Edgardo Koelpin,Amparo MacGyver,Production Designer
441,97,Paul Roob,,Costume Designer
442,97,,Grayce Cremin,
443,97,,,
444,97,Gloria Baumbach,Nyah Parker,Actor
445,97,Javonte Jast,Zackery Swaniawski,Actor
446,97,Harvey Wiza,Arno Parisian,
447,97,,Haylie Wiza,
448,97,,Dawson Considine,Music Composer
449,97,,Bridie Fisher,
450,98,,,Film Editor
451,99,Winifred Brekke,,Costume Designer
452,99,Rosendo Leannon,Maya Littel,Cinematographer
453,99,Mable Hodkiewicz,Grayce Mohr,Actor
454,99,Fanny Armstrong,Earlene Paucek,Actor
455,99,Serenity Ward,Cierra Ondricka,
456,99,Keely Erdman,Franz Shanahan,Music Composer
457,99,Linda Leuschke,,Actress
458,99,Maud Skiles,,Costume Designer
459,100,,Hanna Mante,
460,100,Luna Legros,,
461,100,,,Actress
462,100,Junius Hoppe,Hal Morar,Screenwriter
463,100,,,Costume Designer
464,100,Coby Mills,,
465,100,Marietta Nikolaus,,Screenwriter
466,101,,Hubert Bashirian,
467,101,Trenton Durgan,Derick Runolfsson,Music Composer
468,101,,Arnaldo Wuckert,Film Editor
469,101,Juanita Mills,Humberto Donnelly,Producer
470,101,Florian Mayert,Emile Toy,
471,102,,Frida Kertzmann,
472,102,,,
473,102,,Annamarie Kshlerin,Music Composer
474,102,Abigayle Dooley,,Screenwriter
475,102,Vicenta Jones,,Cinematographer
476,102,,Hope Bednar,Actor
477,103,,Kali Sauer,Actor
478,103,,Monte Williamson,Costume Designer
479,103,,,Actress
480,103,Jesus Walker,Daniella Nolan,
481,103,,Garett Schuster,
482,103,Lance Donnelly,,Cinematographer
483,103,Kaitlin Gutkowski,Candelario Champlin,
484,104,Alvis Fisher,Marta Hegmann,
485,104,Laury Rutherford,,Actress
486,104,Saul Hyatt,,Film Editor
487,104,,Audra Reichel,
488,105,Rhianna Kuhlman,,Director
489,105,Ewell Terry,,Music Composer
490,105,Sheila Howe,Jenifer O'Conner,Production Designer
491,105,,Alec McClure,
492,106,Ward Volkman,Chelsey Johnston,Director
493,107,,Arvid Stracke,Actress
494,107,Yolanda Schaden,Jany Herzog,
495,107,,Susana Berge,Costume Designer
496,107,,,Director
497,107,,Kellen Breitenberg,Cinematographer
498,107,,Nella Hoeger,
499,107,Tyreek Bernhard,,
500,108,Asha Jacobi,Fausto Quigley,Music Composer
501,108,Maynard Rowe,Deangelo Harvey,
502,108,Wayne McLaughlin,,
503,108,,,
504,108,Amir O'Hara,,
505,108,,Darryl Hettinger,
506,109,Darby Rolfson,,
507,109,,Jed Braun,Producer
508,109,,Francisca O'Reilly,Director
509,109,Mario Beahan,Vincent West,
510,109,Hal Larkin,,Actor
511,109,Erik Koss,Stephanie Leffler,Music Composer
512,109,Keon Hirthe,Elmo Cartwright,
513,109,,Martina McKenzie,Producer
514,109,Eula Rippin,Alysson Gottlieb,Film Editor
515,109,,,Actor
516,110,Bret Miller,,
517,110,,Sadye Marvin,
518,110,Cassidy Ferry,Lottie Stiedemann,Cinematographer
519,110,,Carli Dare,
520,110,,,Director
521,110,Kennedy Berge,,Actress
522,110,Margie Yundt,Emma Champlin,Costume Designer
523,110,Schuyler Wolff,Delphia McKenzie,
524,110,,Amelia Witting,
525,110,,,Producer
526,111,Leora Goodwin,Marc Howell,Music Composer
527,111,,Madalyn Zulauf,Production Designer
528,111,Madyson Weber,Lempi Kub,Director
529,111,Camden Mertz,Elsie Monahan,
530,111,Nels Bartoletti,Godfrey VonRueden,
531,111,Graciela Farrell,Jaclyn Aufderhar,Producer
532,111,,Allan Sipes,Production Designer
533,111,,,Actress
534,111,Waldo Douglas,Edd Boyle,Actor
535,113,,Claudia Beahan,Actor
536,114,Alivia Douglas,,
537,114,Jacquelyn Daniel,Keshawn Pfeffer,Actress
538,114,Tate Marvin,,
539,115,,Maia DuBuque,
540,115,Jorge Mayer,,Producer
541,115,,Jannie Koepp,Cinematographer
542,115,,Estel Hilll,
543,115,,Robbie Bradtke,Film Editor
544,115,,,Actor
545,115,,,Film Editor
546,115,Ophelia Heller,Rico Huel,Film Editor
547,116,Cleta Emard,Reba Goldner,
548,116,Skylar Kuhlman,Evans Donnelly,Costume Designer
549,116,,,Producer
550,117,,Alexandra Pacocha,Producer
551,117,Edmund Lubowitz,Bobby O'Reilly,Director
552,117,Arvid Greenholt,Else Langosh,Costume Designer
553,117,Brigitte Jacobs,Beatrice Hyatt,
554,117,Oda Bartoletti,Era Metz,
555,117,,Hilario Hackett,
556,117,Shaina Dibbert,Luciano Goldner,
557,117,Fredy Fisher,,
558,118,Cordie White,Jake Kshlerin,Screenwriter
559,118,,Rosendo Stanton,
560,118,,Carlee Feest,
561,119,Jayde Conn,Andres Hintz,Screenwriter
562,120,,Denis Bauch,Music Composer
563,121,Aisha Sauer,Mario Towne,
564,121,,Herman Runte,
565,121,Icie Zboncak,,Producer
566,121,Kenna Johnston,Kiley Kutch,Music Composer
567,121,Lonnie Willms,,Producer
568,121,,Queen Hoppe,Actress
569,121,Owen Beahan,Patrick Torphy,Producer
570,121,Icie Weimann,,Actress
571,121,Charlotte Stokes,,
572,122,,Amely Muller,
573,122,Pat Cole,Junius Fay,Director
574,122,Wade Kovacek,Shanon Feeney,Costume Designer
575,122,Lavinia Erdman,Lura Kuhlman,Production Designer
576,122,Sigmund D'Amore,Lonny Homenick,
577,123,,,Producer
578,124,Kristina Yundt,Werner Bednar,Production Designer
579,124,,,Director
580,124,Karina Predovic,Uriah Wintheiser,
581,124,Jessie Wilderman,,
582,124,Karlee Wilkinson,,Actor
583,125,Charity Beatty,Shanny Bayer,
584,125,,,Music Composer
585,126,Consuelo Kris,,Music Composer
586,128,Skye Bernier,Larissa Huels,
587,129,,Alize Conroy,Production Designer
588,129,,,Screenwriter
589,129,Madalyn Keeling,Gaylord Flatley,Screenwriter
590,129,Onie Walsh,Anastasia Nitzsche,Actor
591,129,Luz Koch,,
592,129,Nolan Bashirian,Alan Carroll,
593,130,,Tremayne Mann,
594,130,Jensen Kris,,Production Designer
595,130,,,
596,131,Christiana Larkin,Ian Luettgen,
597,131,Jude Bergstrom,Kiana Morissette,
598,131,Eliezer Stroman,Eriberto Mayert,Film Editor
599,132,Herbert Hoppe,Elaina Wolff,Film Editor
600,132,,Kip Wilderman,
601,132,,Meggie Conroy,Production Designer
602,132,,,Director
603,133,Matilda Bailey,,Production Designer
604,133,Diana Carter,,Actress
605,134,,Amely Mayert,
606,135,Glenna Goyette,,Actor
607,135,,Clarabelle D'Amore,Director
608,135,,Oran DuBuque,
609,135,Buddy Quitzon,,Actress
610,135,Izaiah Bode,Idella Rice,
611,135,,,Actor
612,135,Magnus Marks,Guadalupe Kshlerin,
613,135,,,Film Editor
614,136,,,
615,136,Kolby Wisozk,Avery Lind,Actress
616,137,,,
617,137,,,Actress
618,137,,Kenny Bailey,
619,137,,,Director
620,137,,,
621,137,,Jasmin Connelly,
622,137,Vaughn Cummerata,Cicero Brown,Actress
623,138,Jasper Deckow,,Costume Designer
624,138,,Annette Waters,Cinematographer
625,138,,Hortense Turcotte,Production Designer
626,138,,,Cinematographer
627,138,Micah Mertz,,
628,138,Madilyn Bartell,Koby Bahringer,Production Designer
629,138,Rogers Kuhlman,Elza Kerluke,Cinematographer
630,138,Josefina Hansen,,Music Composer
631,138,Genoveva Hauck,Cecile Paucek,Cinematographer
632,139,,Eriberto Klein,Film Editor
633,139,Rosalia Kling,Claudia Heaney,Costume Designer
634,139,Keon Ortiz,Lorna Anderson,
635,139,Murphy MacGyver,Alexanne Fadel,Actor
636,139,,Ivory Feest,
637,139,,,Actor
638,139,,,Actor
639,140,,Donato Fay,Production Designer
640,140,Bettie Koelpin,Gerardo Donnelly,
641,140,Gregoria Kunze,Clinton Stoltenberg,Cinematographer
642,140,,Kay Goldner,
643,140,,,Music Composer
644,140,Sigurd King,,Director
645,141,,Nella VonRueden,Production Designer
646,141,Filiberto Robel,Myriam Prosacco,
647,141,Melvina Crist,,
648,141,,Jade Wiza,Film Editor
649,141,Ora Doyle,Marquis Kuhlman,Music Composer
650,141,Briana Heathcote,,Producer
651,142,,,
652,142,Santa Robel,,Screenwriter
653,142,Tyshawn Rempel,Jonathan Kuhlman,Music Composer
654,142,,,
655,142,,,Producer
656,143,Norberto Heathcote,,Production Designer
657,143,Harry Denesik,Zora Bechtelar,Film Editor
658,143,Chance Cummings,,
659,143,,Jairo Kshlerin,Actor
660,143,,Audie Sporer,Costume Designer
661,144,Margot Hamill,Janae Schowalter,Actor
662,144,,Eliane Schneider,Director
663,146,,,Screenwriter
664,146,,,
665,146,,,Screenwriter
666,146,Leonard Kulas,Mavis Reynolds,Producer
667,146,Rossie Marvin,Fletcher Senger,
668,146,,,Costume Designer
669,146,Jodie Hickle,Trinity Maggio,
670,146,Demetris Rogahn,,Actor
671,147,Patrick Abernathy,Fannie Graham,Film Editor
672,148,,Calista Simonis,Costume Designer
673,148,Ardith Blanda,Germaine Lynch,Costume Designer
674,148,,,
675,148,Mireya Heaney,Arlene Legros,
676,148,,,
677,148,Roy Kulas,,Production Designer
678,148,Dolly Barrows,Joelle Wintheiser,
679,149,,Kolby Stracke,
680,149,Oleta Hirthe,Freida Prosacco,Screenwriter
681,149,Cristina McCullough,Clarissa Bednar,Cinematographer
682,149,,,
683,149,Urban Ziemann,,Producer
684,149,Verda Becker,Dayna Bogisich,Production Designer
685,149,Delfina Hudson,Agnes Buckridge,Music Composer
686,149,Nyah Hammes,River Metz,
687,149,Ashtyn Murazik,,
688,149,,Marcus Paucek,
689,150,Maximillia Mohr,Eusebio Kulas,Costume Designer
690,150,Tremaine McKenzie,Halie Bogan,Producer
691,150,Lorenza Rempel,Tyler Zboncak,Actor
692,150,,,Actress
693,150,,Earnest Klein,Music Composer
694,150,,Chris Abernathy,
695,150,,Rebeka Kunze,Production Designer
696,150,,,
697,150,,Adell Auer,Cinematographer
698,150,Danika Pagac,Quinten Keebler,
699,151,Angela Effertz,,
700,151,,Jaiden Gerlach,Actor
701,151,Walton Smitham,,
702,151,Matteo Schneider,,Actor
703,151,,Whitney Balistreri,Music Composer
704,152,Madilyn Prohaska,Ciara Auer,Director
705,152,Casper Doyle,Emmalee Kiehn,
706,153,,Osbaldo Lowe,
707,153,Janessa Adams,Ignatius Purdy,
708,153,Reina Hintz,,
709,153,Macie Shields,Pauline Schuster,Producer
710,153,Roberta Runte,Herman Klein,Music Composer
711,153,,Devyn Ruecker,
712,154,Bridgette Leannon,Germaine Smitham,Producer
713,154,,Tamia Jacobs,
714,154,Meaghan O'Hara,,Actor
715,154,Casandra Towne,,Music Composer
716,154,,,Production Designer
717,154,Nathanael Borer,Nannie Yundt,
718,154,,Velda Johnson,
719,154,,Ariane Kuhn,
720,154,,,Actress
721,154,Jo Schmeler,Fae Klein,Production Designer
722,155,Abagail Labadie,Arely Stark,Actor
723,155,Clyde Green,Lucas Littel,
724,155,,,Cinematographer
725,155,Alexandre Auer,,
726,155,Mathew Purdy,Jonathon Shanahan,
727,155,Cody Kautzer,Garfield Dare,Screenwriter
728,155,,Dora Ritchie,Actor
729,155,Gerald Heller,,Music Composer
730,155,,Laurine Dooley,Music Composer
731,156,Domenica Dibbert,Antwon McGlynn,Actress
732,156,Kyleigh Hackett,Melvin Dooley,Music Composer
733,156,,Vinnie Olson,Cinematographer
734,157,,Elroy Block,
735,157,Coty Bartell,,Actress
736,157,,Kody Cormier,Actress
737,157,,Max Stiedemann,
738,157,Cletus Okuneva,Leonora Torp,
739,157,Monica Romaguera,Jessica Bashirian,
740,157,,Clark Christiansen,Music Composer
741,157,Jakob Krajcik,Marques Abbott,Film Editor
742,158,,,Cinematographer
743,158,Isaac Metz,Ambrose Streich,Cinematographer
744,158,Elmira Dickens,Margot Dicki,Producer
745,158,,,Production Designer
746,159,,,Cinematographer
747,159,Gertrude Hartmann,Gavin Denesik,Production Designer
748,159,,,
749,160,,Kristoffer Marquardt,
750,160,Eula McCullough,,Film Editor
751,160,Jabari Jacobi,Eleonore Fadel,
752,160,Angus Douglas,,
753,160,,Rosetta Pfeffer,Director
754,160,,Jacklyn Lockman,Cinematographer
755,160,,Osbaldo Ankunding,
756,160,,Melany Borer,Actress
757,161,Ryder Moen,,
758,161,Lindsey Collier,,Music Composer
759,161,,,Film Editor
760,161,,Bonita King,Actress
761,161,Dariana Bednar,Dorthy Dietrich,
762,161,Arden Bernhard,Sharon Hills,
763,162,Delmer Orn,Deborah Veum,Cinematographer
764,163,,,
765,163,Cortney Hermiston,,Production Designer
766,163,Werner Bahringer,Hollis Feest,Production Designer
767,163,Justen Mayer,,Costume Designer
768,164,Murl Barton,,
769,164,Marley Goodwin,,Screenwriter
770,164,,Ulices Hegmann,Director
771,164,,Leda Tillman,Production Designer
772,164,Kennedy Rogahn,,Director
773,164,,Jeanne Rowe,Actor
774,164,,Alford Rath,
775,164,,,Producer
776,165,Nellie Klein,,
777,165,Casimer Padberg,Madie Friesen,
778,165,,Angelita Lebsack,Production Designer
779,165,Juana McCullough,,Costume Designer
780,165,Orlo Kunze,Mavis Hoeger,Screenwriter
781,165,Kristian Moore,,Actor
782,165,,Libbie Hane,
783,165,,,Actor
784,166,Rex Wilkinson,,
785,166,Evert Funk,Jeromy Swift,Cinematographer
786,166,Daron Becker,,Film Editor
787,166,Shany Mohr,Rudolph Koch,
788,166,,,Film Editor
789,166,,Lyla Casper,Costume Designer
790,166,,,
791,166,Godfrey Greenfelder,,
792,166,Ressie Lindgren,,Music Composer
793,167,Sarah Berge,,Screenwriter
794,167,Johathan Harris,,Actress
795,167,Stephon Gorczany,Elwyn Langosh,Costume Designer
796,167,,,
797,167,Gia Rath,Jeramie Wilderman,Producer
798,167,,Luigi Reynolds,
799,167,Leif Crona,,Film Editor
800,167,,,Director
801,167,Ashlynn Wehner,Alberta Littel,
802,168,,,
803,168,,Ricky Tillman,Costume Designer
804,168,,,
805,168,,Nels Upton,
806,168,Mac Langosh,Marcelina Barrows,
807,168,Juwan Bogan,Sean Crooks,
808,169,George Denesik,,
809,169,Lou Greenholt,Daryl Mosciski,Director
810,169,Gage Douglas,,Screenwriter
811,170,Granville Bernier,,Actress
812,170,,Liza Kassulke,Actor
813,170,,Addison Anderson,Director
814,170,Constance Marvin,Jamar Dooley,Film Editor
815,170,,,Production Designer
816,170,Darrin Konopelski,Zack Hermann,Production Designer
817,170,Maxie Yundt,Karlie Kshlerin,
818,171,,Andrew Trantow,Film Editor
819,171,Brenden Crist,Elta Gutmann,
820,171,,Clement Goodwin,Film Editor
821,171,Vincenza VonRueden,,
822,171,Eda Bahringer,Beatrice Little,Production Designer
823,171,Judah Rutherford,,Music Composer
824,171,,,Music Composer
825,172,,,Actress
826,172,Muhammad Ankunding,Jedidiah Hayes,Director
827,172,Ara Raynor,Lionel Hintz,Costume Designer
828,172,Titus Welch,Patsy Boyle,
829,172,,Kaleigh Monahan,Music Composer
830,172,Fay Hintz,,Music Composer
831,173,,Leo Hoeger,
832,173,Bryce Huels,August Walker,
833,173,,Carey Maggio,Production Designer
834,173,Andre DuBuque,Monserrat Anderson,Actor
835,173,,Sammy Wolf,Costume Designer
836,173,Percival Mayert,Alicia Hilpert,Actress
837,173,,Vicente Pfannerstill,Director
838,173,,Kris DuBuque,
839,173,,Estella Harris,
840,174,,,Production Designer
841,175,Toby Hand,Heber Thiel,Film Editor
842,175,,Vicky Heathcote,Actor
843,175,Brigitte Cartwright,,Director
844,175,,,Actor
845,175,Charles White,,
846,175,,Loren Cole,Actress
847,175,Archibald Beahan,Lina Borer,
848,175,Meredith Hackett,Agustina Schaden,Producer
849,175,,,
850,175,Armando Hartmann,Andre Wunsch,Costume Designer
851,176,Tad Tremblay,,Cinematographer
852,176,Stephany Ratke,Marilie Hettinger,Cinematographer
853,176,Billy Fadel,,
854,176,,Berneice Lindgren,
855,177,,Caleigh Moen,Production Designer
856,177,,Kathryn Murray,Music Composer
857,177,Callie Yundt,,Cinematographer
858,177,Macy Lang,Ned Roberts,Costume Designer
859,177,,Kristina Denesik,
860,177,Amber Heller,Beau Schroeder,
861,177,,Tyree Johnson,
862,178,Jarod Wunsch,,Costume Designer
863,178,,Korey Pacocha,
864,178,Braeden Schamberger,Jules Quigley,
865,178,Robbie Schuster,Edison Raynor,
866,178,Nicola Hilpert,,
867,178,Keyshawn Champlin,Lue Rosenbaum,Costume Designer
868,178,,,Production Designer
869,178,Aida Pouros,,Actor
870,178,,Tess Maggio,Screenwriter
871,178,,Lilian Klocko,Cinematographer
872,179,,,Music Composer
873,179,Reuben Mann,Jade Wintheiser,
874,179,,Ryan Schimmel,Production Designer
875,179,Carlie Kuvalis,,
876,179,Garrett Mraz,Brennan Ward,
877,179,Kelvin Schinner,Marlin Barton,Actor
878,180,,Maeve Christiansen,Costume Designer
879,180,Shawn Little,,
880,180,,,
881,180,Kenton Roberts,,Film Editor
882,180,Autumn Pouros,,Film Editor
883,180,,Marlon Feeney,Music Composer
884,181,,Waldo Russel,
885,181,Tatum Luettgen,Dylan Hartmann,
886,181,Wellington Gerlach,Ross Ebert,
887,181,Cade Considine,,Director
888,182,,,Music Composer
889,182,,,Production Designer
890,183,Chester Waters,Carter Johns,Production Designer
891,183,,Jenifer Heaney,Film Editor
892,185,,Marcellus Thiel,Producer
893,185,Ola Bernhard,Rico Spencer,Actor
894,185,,Riley Thiel,Music Composer
895,185,,Jared Abernathy,Production Designer
896,186,Amir Romaguera,,
897,186,,,Costume Designer
898,186,Geovany Renner,,
899,186,,,Actress
900,186,,Wilber Donnelly,
901,186,,Micah Doyle,Director
902,186,Mitchell Hammes,Rusty Wuckert,
903,186,George Gibson,,Cinematographer
904,187,Camilla Sawayn,Abigayle Skiles,Director
905,187,,Amber Denesik,
906,187,,Lavinia Smitham,Producer
907,187,,Lilla Emard,Costume Designer
908,187,,Kyler Greenholt,
909,188,Alessandra Lynch,,
910,188,Hal Beier,,Producer
911,188,Gustave Carroll,Claud Fahey,Producer
912,188,,,Actress
913,189,Kaitlin Block,Germaine Volkman,Costume Designer
914,189,Angeline Ebert,Heath Ziemann,
915,189,,Jamir Veum,Actor
916,190,Selena Waelchi,,Costume Designer
917,190,Milford Breitenberg,Molly McLaughlin,Producer
918,190,Adaline Muller,Lelah Lueilwitz,Producer
919,190,Christopher Wyman,Marcos Dickinson,Production Designer
920,190,,,Actress
921,190,Berneice Mohr,Cheyanne Green,Producer
922,191,Bettie Erdman,Sylvan Jaskolski,Film Editor
923,192,Winfield Heller,Zula Feest,Director
924,192,,,
925,192,Daniela Mertz,Darion Weber,Film Editor
926,192,Marc Ortiz,Eldora DuBuque,Screenwriter
927,192,Blair Ritchie,Emmalee Thiel,
928,192,Waldo Hartmann,,
929,193,,Noah Nicolas,Actress
930,193,Wilber Hammes,,Film Editor
931,193,Kaycee Hoppe,,Director
932,193,,,Producer
933,193,Omari Corwin,,
934,193,Vickie Bayer,Arnold Crooks,Production Designer
935,193,,Jonas Mills,Actress
936,193,Shanel Kerluke,Magali Wilkinson,
937,193,Alexandra Mills,,Producer
938,193,Austen Wehner,,Production Designer
939,194,,Janelle Bartell,Actor
940,194,,Kathryne Moore,Actor
941,195,Edna Kautzer,,
942,195,,Katlynn Sauer,Actor
943,195,Ambrose Hyatt,,
944,195,Rory Bednar,Ervin Rolfson,
945,195,Nyasia Marks,Ross Tillman,Costume Designer
946,195,Davonte Mueller,,Cinematographer
947,195,,Julio Maggio,
948,196,Arvilla Hauck,Natasha Robel,
949,196,,Bradford Hermiston,
950,196,,Osbaldo Dickens,Director
951,196,Jay Streich,Jovani Leffler,Producer
952,197,,Ole Koepp,
953,197,,,Director
954,197,Tanya Auer,Jimmie Witting,Actor
955,197,,Elza Orn,Production Designer
956,197,Bradford Keebler,Breanna Watsica,
957,197,Dudley Ruecker,Hudson Carroll,Music Composer
958,197,Sabina Little,Nick Gleichner,Actress
959,198,Kristian Hartmann,Giovanny Strosin,Actor
960,198,Douglas Kassulke,,
961,198,Scottie Keebler,Kaley Hudson,Director
962,198,Gerry Carter,,Film Editor
963,198,,,Film Editor
964,198,Concepcion Jacobs,Annetta Ritchie,
965,198,Evert Rolfson,,Actor
966,198,,,Screenwriter
967,199,Hubert Emard,Brady Lakin,Producer
968,199,,Melody Jacobi,Actor
969,199,,,
970,199,Roselyn Mann,,Actor
971,199,Trycia Weissnat,June Bosco,Music Composer
972,199,Hollis Pagac,Alexandria Kovacek,Screenwriter
973,199,,,Music Composer
974,200,Berniece Pollich,Freida Predovic,
975,200,,,
976,200,Karelle Kilback,Skyla Hodkiewicz,
977,200,Lilly Kuhic,Terrill Kovacek,
